{"mel_mean": -5.52375602722168, "mel_std": 2.0656542778015137}